{
  "audio": {
    "source": "artifacts/probe/librispeech-dummy-probe/waveform-input.npz",
    "durationSeconds": 10.0,
    "sampleRate": 16000
  },
  "runs": 12,
  "warmup": 3,
  "providers": [
    {
      "provider": "pyannote-3.1-segmentation-mlx",
      "runs": 12,
      "meanMs": 517.7575589186745,
      "medianMs": 504.1324789781356,
      "minMs": 438.53991699870676,
      "maxMs": 660.0581250095274,
      "p95Ms": 589.098708005622,
      "p99Ms": 589.098708005622,
      "stdMs": 64.44947422072113,
      "samplesMs": [
        438.53991699870676,
        453.14774999860674,
        457.5474160083104,
        465.89229101664387,
        479.93345800205134,
        496.46529197343625,
        511.799665982835,
        518.5358750168234,
        562.5701670069247,
        579.5020420046058,
        589.098708005622,
        660.0581250095274
      ],
      "status": "ok",
      "statusMessage": null
    },
    {
      "provider": "pyannote-3.1-segmentation-pytorch",
      "runs": 12,
      "meanMs": 89.97632282989798,
      "medianMs": 87.44854149699677,
      "minMs": 83.06104197981767,
      "maxMs": 104.12054197513498,
      "p95Ms": 101.18862500530668,
      "p99Ms": 101.18862500530668,
      "stdMs": 6.597345698720204,
      "samplesMs": [
        83.06104197981767,
        84.45375002338551,
        84.54612499917857,
        84.9586249969434,
        85.38204099750146,
        86.89741598209366,
        87.99966701189987,
        89.9918329960201,
        92.25658298237249,
        94.85962500912137,
        101.18862500530668,
        104.12054197513498
      ],
      "status": "ok",
      "statusMessage": null
    }
  ],
  "comparison": {
    "pyannoteMeanMs": 89.97632282989798,
    "mlxMeanMs": 517.7575589186745,
    "pytorchFasterThanMlxX": 0.17378080006752888,
    "mlxSpeedupVsPyannoteX": 5.75437562499087,
    "pytorchRealTimeFactor": 111.14034987743607,
    "mlxRealTimeFactor": 19.314058921485927
  },
  "environment": {
    "platform": "macOS-26.3-arm64-arm-64bit"
  }
}
