{
  "audio": {
    "source": "artifacts/probe/librispeech-dummy-probe/waveform-input.npz",
    "durationSeconds": 10.0,
    "sampleRate": 16000
  },
  "runs": 30,
  "warmup": 8,
  "lstmBackend": "metal",
  "providers": [
    {
      "provider": "pyannote-3.1-segmentation-mlx",
      "runs": 30,
      "meanMs": 32.08722923106203,
      "medianMs": 31.99422950274311,
      "minMs": 31.64425099384971,
      "maxMs": 33.00754199153744,
      "p95Ms": 32.56233301362954,
      "p99Ms": 32.71029202733189,
      "stdMs": 0.2891556202186981,
      "samplesMs": [
        31.64425099384971,
        31.71437597484328,
        31.79166596964933,
        31.80770800099708,
        31.82545700110495,
        31.846500001847744,
        31.895084015559405,
        31.93475099396892,
        31.95304295513779,
        31.96012502303347,
        31.968582974513993,
        31.984833971364424,
        31.991625000955537,
        31.992749019991606,
        31.992875010473654,
        31.995583995012566,
        32.01520798029378,
        32.04062502481975,
        32.04683301737532,
        32.11324897711165,
        32.15324901975691,
        32.185125979594886,
        32.21787596703507,
        32.25416599889286,
        32.25554100936279,
        32.36795903649181,
        32.38766698632389,
        32.56233301362954,
        32.71029202733189,
        33.00754199153744
      ],
      "lstmBackend": "metal",
      "compileEnabled": true,
      "fastMathEnabled": false,
      "fp16Enabled": false,
      "stageProfilesMs": {
        "sincnet": {
          "provider": "sincnet",
          "runs": 30,
          "meanMs": 1.8133346340619028,
          "medianMs": 1.7571869975654408,
          "minMs": 1.7038749938365072,
          "maxMs": 2.3469169973395765,
          "p95Ms": 2.0546660234685987,
          "p99Ms": 2.1299590007402003,
          "stdMs": 0.14314286355349407,
          "samplesMs": [
            1.7038749938365072,
            1.7089169996324927,
            1.7089999746531248,
            1.709208998363465,
            1.7158330010715872,
            1.718625018838793,
            1.7222920141648501,
            1.7234999977517873,
            1.725041016470641,
            1.7277080041822046,
            1.7310419934801757,
            1.7318750033155084,
            1.7321250052191317,
            1.7437910137232393,
            1.7494579951744527,
            1.764915999956429,
            1.768207992427051,
            1.7733749991748482,
            1.7901249811984599,
            1.794208015780896,
            1.8123329791706055,
            1.8241250072605908,
            1.863708981545642,
            1.8768330046441406,
            1.8787080189213157,
            1.9170409941580147,
            1.9526249961927533,
            2.0546660234685987,
            2.1299590007402003,
            2.3469169973395765
          ]
        },
        "lstm": {
          "provider": "lstm",
          "runs": 30,
          "meanMs": 29.897261131554842,
          "medianMs": 29.900083492975682,
          "minMs": 29.633250000188127,
          "maxMs": 30.382249999092892,
          "p95Ms": 30.15274999779649,
          "p99Ms": 30.230750009650365,
          "stdMs": 0.1663763139119091,
          "samplesMs": [
            29.633250000188127,
            29.671333002625033,
            29.673624987481162,
            29.711374983889982,
            29.734249983448535,
            29.746125015662983,
            29.76325000054203,
            29.765916988253593,
            29.788749990984797,
            29.80470799957402,
            29.805915983160958,
            29.81608299887739,
            29.875334003008902,
            29.876124986913055,
            29.891166981542483,
            29.90900000440888,
            29.913292004493997,
            29.922250017989427,
            29.93058299762197,
            29.933666985016316,
            29.938666993984953,
            29.94345800834708,
            29.953958000987768,
            29.997000005096197,
            30.024000006960705,
            30.057959025725722,
            30.071041983319446,
            30.15274999779649,
            30.230750009650365,
            30.382249999092892
          ]
        },
        "linear": {
          "provider": "linear",
          "runs": 30,
          "meanMs": 0.37663346544529,
          "medianMs": 0.34912450064439327,
          "minMs": 0.2977919939439744,
          "maxMs": 0.6853340019006282,
          "p95Ms": 0.5078749964013696,
          "p99Ms": 0.547291012480855,
          "stdMs": 0.08455589016297212,
          "samplesMs": [
            0.2977919939439744,
            0.30058398260734975,
            0.3017919952981174,
            0.31075000879354775,
            0.3112090053036809,
            0.3117500164080411,
            0.3124590148217976,
            0.31841598683968186,
            0.32029199064709246,
            0.32483399263583124,
            0.3258749784436077,
            0.3318339877296239,
            0.33224999788217247,
            0.33400001120753586,
            0.34354100353084505,
            0.3547079977579415,
            0.35533399204723537,
            0.3644579846877605,
            0.36554099642671645,
            0.3815829986706376,
            0.38479198701679707,
            0.40424999315291643,
            0.4220000118948519,
            0.4233339859638363,
            0.4306250193621963,
            0.43316700612194836,
            0.46133401338011026,
            0.5078749964013696,
            0.547291012480855,
            0.6853340019006282
          ]
        },
        "total": {
          "provider": "total",
          "runs": 30,
          "meanMs": 32.08722923106203,
          "medianMs": 31.99422950274311,
          "minMs": 31.64425099384971,
          "maxMs": 33.00754199153744,
          "p95Ms": 32.56233301362954,
          "p99Ms": 32.71029202733189,
          "stdMs": 0.2891556202186981,
          "samplesMs": [
            31.64425099384971,
            31.71437597484328,
            31.79166596964933,
            31.80770800099708,
            31.82545700110495,
            31.846500001847744,
            31.895084015559405,
            31.93475099396892,
            31.95304295513779,
            31.96012502303347,
            31.968582974513993,
            31.984833971364424,
            31.991625000955537,
            31.992749019991606,
            31.992875010473654,
            31.995583995012566,
            32.01520798029378,
            32.04062502481975,
            32.04683301737532,
            32.11324897711165,
            32.15324901975691,
            32.185125979594886,
            32.21787596703507,
            32.25416599889286,
            32.25554100936279,
            32.36795903649181,
            32.38766698632389,
            32.56233301362954,
            32.71029202733189,
            33.00754199153744
          ]
        }
      },
      "stagePercentMs": {
        "sincnet": 0.05651265869682835,
        "lstm": 0.9317495417339683,
        "linear": 0.01173779956920338,
        "total": 1.0
      },
      "status": "ok",
      "statusMessage": null
    }
  ],
  "environment": {
    "platform": "macOS-26.3-arm64-arm-64bit",
    "benchmarkTorchDevice": "cpu"
  }
}
