{
  "audio": {
    "source": "artifacts/probe/librispeech-dummy-probe/waveform-input.npz",
    "durationSeconds": 10.0,
    "sampleRate": 16000
  },
  "runs": 30,
  "warmup": 8,
  "lstmBackend": "metal",
  "providers": [
    {
      "provider": "pyannote-3.1-segmentation-mlx",
      "runs": 30,
      "meanMs": 33.11255533966081,
      "medianMs": 33.034332998795435,
      "minMs": 31.832915992708877,
      "maxMs": 35.26362500269897,
      "p95Ms": 34.2372510349378,
      "p99Ms": 34.38787499908358,
      "stdMs": 0.7273596908326451,
      "samplesMs": [
        31.832915992708877,
        32.230418000835925,
        32.39233299973421,
        32.39687602035701,
        32.47904099407606,
        32.4816660140641,
        32.50212501734495,
        32.524582027690485,
        32.61887500411831,
        32.6742080214899,
        32.71062401472591,
        32.71833300823346,
        32.727958023315296,
        32.92824901291169,
        33.00233298796229,
        33.06633300962858,
        33.0687920213677,
        33.12229103175923,
        33.143125008791685,
        33.33624996594153,
        33.381248998921365,
        33.38325000368059,
        33.58358202967793,
        33.64716697251424,
        33.66154100513086,
        33.745541993994266,
        34.12824997212738,
        34.2372510349378,
        34.38787499908358,
        35.26362500269897
      ],
      "lstmBackend": "metal",
      "compileEnabled": true,
      "fastMathEnabled": false,
      "fp16Enabled": false,
      "stageProfilesMs": {
        "sincnet": {
          "provider": "sincnet",
          "runs": 30,
          "meanMs": 2.2887235681992024,
          "medianMs": 2.1219165064394474,
          "minMs": 1.8200830090790987,
          "maxMs": 3.326292004203424,
          "p95Ms": 3.1740420090500265,
          "p99Ms": 3.2777089800219983,
          "stdMs": 0.41463880541332854,
          "samplesMs": [
            1.8200830090790987,
            1.9262499990873039,
            1.9334579992573708,
            1.9504580122884363,
            1.9644160056486726,
            1.972375001059845,
            2.0013750181533396,
            2.0051670144312084,
            2.0390830177348107,
            2.039249986410141,
            2.0800000056624413,
            2.0831250003539026,
            2.086458000121638,
            2.0936669898219407,
            2.10770801641047,
            2.136124996468425,
            2.197499998146668,
            2.203542011557147,
            2.214208012446761,
            2.2663330018986017,
            2.312624972546473,
            2.330957999220118,
            2.371542010223493,
            2.4070829967968166,
            2.4924589961301535,
            2.6792499993462116,
            3.169165982399136,
            3.1740420090500265,
            3.2777089800219983,
            3.326292004203424
          ]
        },
        "lstm": {
          "provider": "lstm",
          "runs": 30,
          "meanMs": 30.038106969247263,
          "medianMs": 29.962479500682093,
          "minMs": 29.466416977811605,
          "maxMs": 30.612749978899956,
          "p95Ms": 30.573417025152594,
          "p99Ms": 30.583707994082943,
          "stdMs": 0.29428323814715995,
          "samplesMs": [
            29.466416977811605,
            29.663292021723464,
            29.698625003220513,
            29.729792004218325,
            29.78508299565874,
            29.808292019879445,
            29.85070800059475,
            29.86516698729247,
            29.87179101910442,
            29.873958003008738,
            29.903291986556724,
            29.90720802336,
            29.925375012680888,
            29.95216698036529,
            29.96187499957159,
            29.963084001792595,
            29.98654099064879,
            29.9939580145292,
            30.024792009498924,
            30.054208007641137,
            30.065332975937054,
            30.089834006503224,
            30.18066700315103,
            30.342582991579548,
            30.352584028150886,
            30.49987499252893,
            30.556833022274077,
            30.573417025152594,
            30.583707994082943,
            30.612749978899956
          ]
        },
        "linear": {
          "provider": "linear",
          "runs": 30,
          "meanMs": 0.7857248022143418,
          "medianMs": 0.6391455099219456,
          "minMs": 0.47900000936351717,
          "maxMs": 2.069667010800913,
          "p95Ms": 1.4693750126753002,
          "p99Ms": 1.4712080010212958,
          "stdMs": 0.37481911121650013,
          "samplesMs": [
            0.47900000936351717,
            0.4897920007351786,
            0.49545898218639195,
            0.49854101962409914,
            0.5119580018799752,
            0.5199579754844308,
            0.524125003721565,
            0.5360840004868805,
            0.5464160058181733,
            0.5527499888557941,
            0.5617080023512244,
            0.5688329983968288,
            0.593541975831613,
            0.622541003394872,
            0.6352080090437084,
            0.6430830108001828,
            0.6440830184146762,
            0.6567079981323332,
            0.7073330052662641,
            0.7171660254243761,
            0.7584579871036112,
            0.7852080161683261,
            0.8266660152003169,
            1.0325410112272948,
            1.1609999928623438,
            1.1685829958878458,
            1.3247499882709235,
            1.4693750126753002,
            1.4712080010212958,
            2.069667010800913
          ]
        },
        "total": {
          "provider": "total",
          "runs": 30,
          "meanMs": 33.11255533966081,
          "medianMs": 33.034332998795435,
          "minMs": 31.832915992708877,
          "maxMs": 35.26362500269897,
          "p95Ms": 34.2372510349378,
          "p99Ms": 34.38787499908358,
          "stdMs": 0.7273596908326451,
          "samplesMs": [
            31.832915992708877,
            32.230418000835925,
            32.39233299973421,
            32.39687602035701,
            32.47904099407606,
            32.4816660140641,
            32.50212501734495,
            32.524582027690485,
            32.61887500411831,
            32.6742080214899,
            32.71062401472591,
            32.71833300823346,
            32.727958023315296,
            32.92824901291169,
            33.00233298796229,
            33.06633300962858,
            33.0687920213677,
            33.12229103175923,
            33.143125008791685,
            33.33624996594153,
            33.381248998921365,
            33.38325000368059,
            33.58358202967793,
            33.64716697251424,
            33.66154100513086,
            33.745541993994266,
            34.12824997212738,
            34.2372510349378,
            34.38787499908358,
            35.26362500269897
          ]
        }
      },
      "stagePercentMs": {
        "sincnet": 0.06911950904187292,
        "lstm": 0.9071515822661049,
        "linear": 0.02372890869202215,
        "total": 1.0
      },
      "status": "ok",
      "statusMessage": null
    }
  ],
  "environment": {
    "platform": "macOS-26.3-arm64-arm-64bit",
    "benchmarkTorchDevice": "cpu"
  }
}
